url,type
mp3raid.com/music/krizz_kaliko.html,benign
bopsecrets.org/rexroth/cr/1.htm,benign
http://buzzfil.net/m/show-art/ils-etaient-loin-de-s-imaginer-que-le-hibou-allait-faire-ceci-quand-ils-filmaient-2.html,benign
espn.go.com/nba/player/_/id/3457/brandon-rush,benign
yourbittorrent.com/?q=anthony-hamilton-soulife,benign
allmusic.com/album/crazy-from-the-heat-r16990,benign
corporationwiki.com/Ohio/Columbus/frank-s-benson-P3333917.aspx,benign
myspace.com/video/vid/30602581,benign
quickfacts.census.gov/qfd/maps/iowa_map.html,benign
nugget.ca/ArticleDisplay.aspx?archive=true&e=1160966,benign
uk.linkedin.com/pub/steve-rubenstein/8/718/755,benign
baseball-reference.com/players/h/harrige01.shtml,benign
192.com/atoz/people/oakley/patrick/,benign
nytimes.com/1998/03/29/style/cuttings-oh-that-brazen-raucous-glorious-hibiscus.html,benign
escholarship.org/uc/item/5xt4952c,benign
songfacts.com/detail.php?id=13410,benign
casamanana.org/education/blba/,benign
http://hollywoodlife.com/2014/05/01/rihanna-iheartradio-music-awards-dress-2014-pics/,benign
en.wikipedia.org/wiki/North_Dakota,benign
soaps.sheknows.com/daysofourlives/news/id/20259/Days_Of_Our_Lives_Casts_Ruta_Lee/,benign
perfectpeople.net/celebrity-star/6920/gidget-gein.htm,benign
media.caltech.edu/press_releases/13186,benign
wikiobits.com/Obits/TonyProudfoot,benign
vanderbilt.rivals.com/viewcoach.asp?coach=2079&sport=1&year=2011,benign
movies.yahoo.com/shop?d=hv&cf=info&id=1800340831,benign
cyndislist.com/us/pa/counties,benign
psychology.wikia.com/wiki/Phonemes,benign
info.centriq.com/content/fivereasons,benign
articles.baltimoresun.com/1991-06-11/sports/1991162162_1_james-koehler-texas-rangers-terrell-lowery,benign
infinitysw.com/,benign
strawberrycreekgardens.com/,benign
spoke.com/dir/p/desantis/nick,benign
wordsmith.org/words/pignus.html,benign
http://interpark.com/displaycorner/FreeMarket.do?_method=itemCateList&free1=pc&free2=007001008003&free3=item&disp_no=007001008003,benign
almanac.logos.com/Denominations,benign
gaming.wikia.com/wiki/Backbreaker_(video_game),benign
ceu.hu/,benign
registry.weddingchannel.com/coupledir/20108/C/R314763282/JARED_CLOUGH_AND_TAJAI_RITCHIE.htm,benign
linkedin.com/pub/george-cleveland/7/80a/599,benign
sunshinemills.com/,benign
agoda.com/north_america/canada/montreal_qc/attractions/hotels_near_mcgill_university_centre_for_continuing_education.html,benign
ctv.ca/generic/WebSpecials/sponsorship_scandal/,benign
veoox.com/tags/game.html,benign
chuckwalkertrio.blogspot.com/,benign
aerosolesshoes.org/,benign
recipelink.com/msgbrd/board_14/2007/DEC/29094.html,benign
ideas.repec.org/f/pma235.html,benign
peopleaz.org/firstname/Fowlkes/6,benign
orensamtraktrip.wordpress.com/,benign
alexa.com/whatshot?q=james+arness,benign
jpopasia.com/group/arashi/discography/,benign
kitsapsun.com/photos/2011/feb/25/177999/,benign
local.yahoo.com/info-42862457-oakland-international-airport-oakland,benign
tripadvisor.com/Restaurant_Review-g680765-d1768647-Reviews-Yacha_Yacha-Miyakojima_Okinawa_Prefecture_Kyushu_Okinawa.html,benign
articles.elitefts.com/articles/training-articles/five-great-exercises-for-building-a-dominant-defensive-lineman/,benign
broadwaystars.com/classic/?source=www.playbill.com,benign
forums.networkinfrastructure.info/motorola-wireless-lan-switches/,benign
youtube.com/watch?v=mwpoPQ1SPJU,benign
mccall-idchamber.org/,benign
chacha.com/question/who-said-the-quote-%27say-what-you-mean%2C-mean-what-you-say-and-put-a-beat-to-it%27,benign
friars.com/sports/m-baskbl/archive/prov-m-baskbl-2003.html,benign
pipl.com/directory/name/Whissell/180,benign
spokeo.com/John+Collet,benign
http://fanpage.gr/family/gineka/%ce%b1%cf%85%cf%84%ce%bf%ce%af-%ce%b5%ce%af%ce%bd%ce%b1%ce%b9-%ce%bf%ce%b9-13-%cf%89%cf%81%ce%b1%ce%b9%cf%8c%cf%84%ce%b5%cf%81%ce%bf%ce%b9-%ce%ad%ce%bb%ce%bb%ce%b7%ce%bd%ce%b5%cf%82-%ce%b1%ce%bd-2/,benign
faqs.org/copyright/handbook-for-the-individual-or-group-culture-free/,benign
duckduckgo.com/1/c/Roman_Catholic_cathedrals_in_Canada,benign
http://worldoftanks.ru/ru/content/guide/payments_instruction/mobile-payments-rostelekom-ural-utel/,benign
en.wikipedia.org/wiki/Lloyd_Bacon,benign
http://serverfault.com/questions/682832/squid-transparent-https-certificate-error-ssl-error-bad-cert-domain,benign
ciajfk.com/harold.html,benign
indyweek.com/artery/archives/2011/10/07/come-back-to-the-1980s-at-the-escapism-film-festival-which-begins-friday,benign
linkedin.com/pub/charles-gariepy/2/642/28,benign
eyeappealoptometry.com/,benign
brophygen.com/,benign
icehockey.wikia.com/wiki/Dan_Blackburn,benign
gurufocus.com/news/116068/who-is-the-warren-buffett-of-canada-prem-watsa-of-fairfax-financial-ffh-or-paul-desmarais-of-power-corporation-of-canada-pow,benign
stewstew.com/,benign
livingharvest.com/products/ice-cream-bars,benign
http://icicibank.com/Personal-Banking/offers/offer-detail.page?id=offer-readers-digest-magazine-offer-20150202203953555,benign
bleacherreport.com/articles/300242-doug-harvey-one-of-the-best-ever-to-play-the-game,benign
artfacts.net/it/istituzion/ms--muzeum-sztuki-lodz-2724/visione-generale.html,benign
parsippanysoccerclub.org/,benign
international.uiowa.edu/services/language/allnet/resources/languages/turkish.asp,benign
btscene.eu/verified-search/torrent/franco+piersanti/,benign
signature-editions.com/,benign
en.wikipedia.org/wiki/Blessed_by_a_Broken_Heart,benign
national.ca/Bold-Thinking/NATIONAL-Publications.aspx,benign
http://motthegioi.vn/the-gioi-cuoi/clip-dai-gia-mac-ca-voi-co-ban-banh-my-185682.html,benign
metroactive.com/papers/metro/01.29.98/idiotflesh-9804.html,benign
https://twitter.com/home?status=%E3%83%8C%E3%81%91%E3%82%8B%EF%BC%81%E3%80%90%E3%82%A2%E3%83%8B%E3%83%A1%E3%80%91+http%3A%2F%2Fero-video.net%2Ft%2FwjfL4fhPp1lPxTZb+%E3%82%A2%E3%83%AA%E3%82%B5%E5%86%8D%E3%81%B3%EF%BC%81%E3%82%A8%E3%83%AD%E3%82%A2%E3%83%8B%E3%83%A1+%23ero+%23douga+%23agesage,benign
http://correios.com.br/para-sua-empresa/comunicacao/certificados-digitais/ajuda-interativa/informacoes-sobre-a-baixa-dos-certificados-a1,benign
http://olx.ro/i2/electronice-si-electrocasnice/electrocasnice/masini-de-cusut/gtm.start,benign
msn.foxsports.com/nhl/player/yann-sauve/720461,benign
hallmark.businessgreetings.com/,benign
musicstack.com/records-cds/toni+tony+tone,benign
nudecelebsnow.com/tags/1/victoria+justus.htm,benign
worldwrestlinginsanity.com/am2/publish/ringofhonorlive/roh_sinclair_tv2.shtml,benign
http://slashdot.org/submission/2916707/facebook-to-include-profile-photos-in-its-facial-recognition-database,benign
facebook.com/people/Yui-Takeshita/100001611015714,benign
sportsposterwarehouse.com/items_388__grandprixclassicscoll.html,benign
http://www.garage-pirenne.be/index.php?option=com_content&view=article&id=70&vsig70_0=15,defacement
http://adventure-nicaragua.net/index.php?option=com_mailto&tmpl=component&link=aHR0cDovL2FkdmVudHVyZS1uaWNhcmFndWEubmV0L2luZGV4LnBocD9vcHRpb249Y29tX2NvbnRlbnQmdmlldz1hcnRpY2xlJmlkPTQ3OmFib3V0JmNhdGlkPTM2OmRlbW8tYXJ0aWNsZXMmSXRlbWlkPTU0,defacement
http://www.pashminaonline.com/pure-pashminas,defacement
http://www.ikenmijnkunst.nl/index.php/exposities/exposities-2006,defacement
http://www.lebensmittel-ueberwachung.de/index.php/aktuelles.1,defacement
http://www.szabadmunkaero.hu/cimoldal.html?start=12,defacement
http://larcadelcarnevale.com/catalogo/palloncini,defacement
http://www.vnic.co/khach-hang.html,defacement
http://peluqueriadeautor.com/index.php?option=com_virtuemart&page=shop.browse&category_id=31&Itemid=70,defacement
http://www.raci.it/component/user/reset.html,defacement
http://earth-sure.com/industrial-tech/everlast-impact-resistant-dumpster-enclosure,defacement
http://www.newtec.ac.uk/courses/health-and-social-care/level-2-diploma-in-health-a-social-care-.html,defacement
http://www.kingsmillshotel.com/spring/mothers-day,defacement
http://www.approvi.com.br/ck.htm,defacement
http://www.shaborooz.ir/index.php?view=article&catid=7:1390-01-27-09-09-55&id=23:1390-04-12-08-07-33&tmpl=component&print=1&layout=default&page=&option=com_content&Itemid=2,defacement
http://www.juventudelirica.com.br/index.html,defacement
http://www.myenrg.com/southwest/9-texas,defacement
http://www.musimagen.com/lista_socios.php?letra=\303%91,defacement
http://www.pn-wuppertal.de/links/2-linkseite/5-httpwwwkrebshilfede,defacement
http://asociacionkaribu.org/index.php/servicios/centro-jambo,defacement
http://www.parafiapiaski.pl/index.php?option=com_user&view=remind,defacement
http://www.artedesignsas.it/catalogo.html?page=shop.browse&category_id=14,defacement
http://www.viamanaus.com.br/index.php?option=com_wrapper&view=wrapper&Itemid=297,defacement
http://www.protect-effect.nl/diensten/62-telefonie,defacement
http://www.gst-ukraine.com.ua/ukraine/tours/2754-arboretum-alexandria-sofiyivka,defacement
http://www.bg-ricevimenti.it/index.php/location/osteria-del-molo.html?fontstyle=f-smaller,defacement
http://www.boeuf-soufflenheim.com/de.feed?type=rss,defacement
http://www.trenker-bestattungen.de/index.php?option=com_content&view=article&id=13&Itemid=14,defacement
http://www.aba-diagnostic.com/espace-prive/reset.html,defacement
http://www.paoarapanui.cl/index.php?option=com_contact&view=contact&id=1&Itemid=6,defacement
http://www.tiendagnulinux.com.ar/calcomanias-en-vinilo?page=shop.browse&category_id=52,defacement
http://chelurao.ru/index.php?option=com_content&view=article&id=9&Itemid=10&lang=ru,defacement
http://www.familienbund.org/index.php?option=com_content&view=article&id=291:stellungnahme-des-familienbundes-der-katholiken-zum-referentenentwurf-eines-gesetzes-zur-erweiterung-der-grosselternzeit-&catid=5:stellungnahmen&Itemid=8,defacement
http://www.vanoorschotkranen.nl/hoogwerker/hoogwerkers.pdf,defacement
http://www.academiedumeuble.ca/index.php?option=com_seminar&task=3&cid=516&sem_midx=0&sem_jidx=0&Itemid=69,defacement
http://maslen.sk/index.php?option=com_contact&view=contact&id=37:iados-o-obchodnu-spolupracu&catid=29:dopytformular&Itemid=5,defacement
http://www.clinicatecma.es/index.php/densiometria,defacement
http://www.perthshire-caravans.co.uk/stock-list/caravans/706-elddis-odyssey-540,defacement
http://rendeck.com/index.php/nl/vacatures/table/9/0/index.html?resetfilters=0,defacement
http://listovka.info/xmap.html,defacement
http://www.jnpiraq.net/arabic/index.php?option=com_content&view=article&id=610&catid=5&Itemid=10,defacement
http://www.versverwerktegroenten.nl/bruine-bonen.html,defacement
http://ecoledecoiffurecarolinelaprise.com/formations/pose-ongles/108.html,defacement
http://www.nabu-gaildorf.de/index.php?option=com_jevents&task=day.listevents&year=2013&month=01&day=01&Itemid=33,defacement
http://kccs.nichost.ru/index.php?option=com_content&view=article&id=107:-24052012-213&catid=17:news&Itemid=35,defacement
http://www.nubiafarias.com/v1/index.php?option=com_mailto&tmpl=component&link=b9f337d1ca40d09a113ab5ae6426a96e642fb2af,defacement
http://www.elektro-vozila.si/motocikli/novice/volta-bcn-city-je-elektricni-mestni-supermoto-iz-spanije,defacement
http://www.musimagen.com/lista_socios.php?pagina=15&letra=,defacement
http://sexshop-bg.biz/products?page=shop.browse&category_id=276,defacement
http://mueblesjulianjimenez.es/index.php?page=shop.browse&category_id=14&option=com_virtuemart&Itemid=9,defacement
http://fischereiverein.org/bildergalerie/category/45-faenge-oktober-2010,defacement
http://www.expatsalon.ru/index.php/2009-03-04-07-22-09/category/7-.html?start=20,defacement
http://apoiojur.com.br/index.php?%2FTable%2FAdministrativo%2F,defacement
http://www.steffen-lemme.de/contact/berliner-buero/besuch-in-berlin,defacement
http://djsipke.nl/foto-album/1-cafedeknyp/detail/74-104.html?tmpl=component,defacement
http://www.harley-davidson-dijon.com/component/adsmanager/1-/737-,defacement
http://www.smartphone.net.br/index.php?option=com_content&view=article&id=66&Itemid=60&lang=pt,defacement
http://www.annamodlo.com.ua/index.html,defacement
http://www.aquamarinadivingtenerife.com/en/sites-of-interest.html,defacement
http://www.lafavoritacb.com/index.php?option=com_content&view=article&id=107:horarioinvierno&catid=43:articulos&Itemid=77,defacement
http://www.sidecocarrelli.it/x.txt,defacement
http://www.metalsul.ind.br/site/index.php?option=com_morfeoshow&Itemid=,defacement
http://www.school91.kiev.ua/index.php?option=com_content&view=category&layout=blog&id=38&Itemid=57,defacement
http://djkatrina.ru/sobytiya/meropriyatiya/klub-prime-otkryvaetsya-posle-remonta-i-razdaet-podarki.html,defacement
http://szgs.ru/information-for-you/interesting-articles/13-2008-08-04-06-37-10.html,defacement
http://www.sandroecicero.com.br/index.php?option=com_content&view=article&id=1&Itemid=3&vsig1_0=18,defacement
http://www.ekino-neureut.de/index.php?option=com_content&view=article&id=15&Itemid=15,defacement
http://www.rockabilly.it/gruppi/52-four-stars.html,defacement
http://www.rathgaelgym.org/squads/mag.1,defacement
http://apoiojur.com.br/index.php?%2FNoticias%2Fnoticias.html,defacement
http://www.graz4u.at/de/produkte/187-high-level-e-mail-security.html,defacement
http://www.richpictures.co.uk/home/viewpost/232,defacement
http://www.simmeurope.com/index.php?view=article&id=23:budget-economique-exploratoire-pour-lannee-2012&tmpl=component&print=1&layout=default&page=&option=com_content&Itemid=48,defacement
http://spplodz.nazwa.pl/archiwum/2006_08b.php,defacement
http://www.bertilohlsson.com/de/component/user/login?return=aHR0cDovL3d3dy5iZXJ0aWxvaGxzc29uLmNvbS9iaWxkZXJnYWxlcmllL2tsYXNzaXNjaGUtZG9zZW4vcnVuZGUtZm9ybT9sYW5nPWRl,defacement
http://www.besztercekk.hu/index.php?option=com_lr&view=stadium&id=1&Itemid=162,defacement
http://www.manganellipalace.it/de/willkommen-bei.html,defacement
http://www.sikobv.eu/nl/component/mailto/index.html?tmpl=component&link=aHR0cDovL3d3dy5zaWtvYnYuZXUvbmwvY29tcG9uZW50L2NvbnRlbnQvYXJ0aWNsZS8yLXZvb3JwYWdpbmEtdGFiLzI0MC1kZWxvLW5ldy1jYXJ0cmlkZ2Utc3lzdGVtLmh0bWw=,defacement
http://midas-medical.com/products/electrocardiographecg/cardio-max-series/cardio-max-cm-03c/index.html,defacement
http://www.kommunalbit.de/index.php?option=com_content&view=section&id=5&Itemid=14,defacement
http://www.galerie-unterm-maulbeerbaum.de/index.php?option=com_content&view=article&id=58&Itemid=57,defacement
http://www.smos.cn/Case.asp?id=14,defacement
http://www.nissad.com/nissad-contact.html,defacement
http://www.whitminsterinn.co.uk/specialevents/calendar-day/03/01/2013,defacement
http://totallifechurchjax.com/index.php?option=com_content&view=article&id=182:may-29-teamwork-episode-07&catid=66:teamwork,defacement
http://www.dolcevino.it/index.php?option=com_contact&view=contact&id=3&Itemid=111,defacement
http://danielfabri.com.ar/mapa-del-sitio/index.html,defacement
http://bjgdhm.com/cn/product.asp?id_code=0007,defacement
http://www.suiteorchestra.it/index.php?option=com_content&view=article&id=91:i-flauti&catid=38:rokstories&lang=it&Itemid=,defacement
http://rendeck.com/index.php/en/services/consultancy/joint-technology-selection,defacement
http://www.qrscelltech.com/de/component/content/article/44-qrs-fuer-leistungsorientierte-menschen?tmpl=component&print=1&page=,defacement
http://www.identcode.cz/cs/laserove-snimace-stacionarni.php,defacement
http://www.cannonvaleautopro.com.au/tools.html,defacement
http://diddydeshi.com/latest-news/2-latest-news/261-speech-given-at-october-main-grading.html,defacement
http://www.natureevent.dk/component/mailto/index.html?tmpl=component&link=aHR0cDovL3d3dy5uYXR1cmVldmVudC5kay9ha3Rpdml0ZXRlci5odG1s,defacement
http://sladkiybuket.net/index.php?page=shop.product_details&category_id=4&flypage=flypage_lite_pdf.tpl&product_id=37&option=com_virtuemart&Itemid=55,defacement
http://www.sklep-splawik.pl/index.php?option=com_content&view=article&id=17:pokaz-maver-2010&catid=7:pokazy-sprztu&Itemid=13,defacement
http://www.latablepaysanne.fr/index.php?option=com_content&view=frontpage&Itemid=12,defacement
http://www.lescoulissesdetanger.com/galeriesmusees,defacement
http://www.akmediaproductions.ca/index.php?option=com_content&view=article&id=53:custom-templates&catid=36:web-development&Itemid=71,defacement
http://www.824555.com/app/member/SportOption.php?uid=guest&langx=gb,malware
http://9779.info/%E5%84%BF%E7%AB%A5%E7%AB%8B%E4%BD%93%E7%BA%B8%E8%B4%B4%E7%94%BB/,malware
http://9779.info/%E6%A0%91%E5%8F%B6%E7%B2%98%E8%B4%B4%E7%94%BB/,malware
http://9779.info/%E5%8F%A4%E4%BB%A3%E4%BA%8C%E5%8D%81%E5%9B%9B%E5%AD%9D%E5%B8%83%E8%B4%B4%E7%94%BB/,malware
http://chinacxyy.com/piccodejs-000.asp?lm2=191&x=3&y=2&w=90&h=63&open=1&n=10&tj=0,malware
http://9779.info/%E6%8A%98%E7%BA%B8%E6%89%87%E5%AD%90%E6%8B%BC%E8%B4%B4%E7%94%BB/,malware
http://portal.dddgaming.com/docs/rules/15022/cn/game_cn.html?amluMjAxNQ%3D%3D,malware
http://9779.info/%E7%AE%80%E5%8D%95%E6%8A%98%E7%BA%B8%E7%B2%98%E8%B4%B4%E7%94%BB/,malware
http://9779.info/%E5%B9%BC%E5%84%BF%E7%B2%BD%E5%8F%B6%E8%B4%B4%E7%94%BB/,malware
http://grasslandhotel.com.vn/index.php/component/djcatalog2/items/6-services,malware
http://9779.info/%E4%BA%94%E8%B0%B7%E6%9D%82%E7%B2%AE%E4%BA%BA%E7%89%A9%E7%B2%98%E8%B4%B4%E7%94%BB/,malware
http://9779.info/%E6%AF%9B%E7%BA%BF%E8%B4%B4%E7%94%BB%20%E5%9C%BA%E6%99%AF%E5%9B%BE/,malware
trtsport.cz,malware
http://style.org.hc360.com/css/detail/mysite/siteconfig/pro_control.css,malware
http://img14.360buyimg.com/n12/g12/M00/07/06/rBEQYVGV9NMIAAAAAAC3mn17ud8AABZ_wDjtTAAALey000.jpg%21q70.jpg,malware
http://9779.info/%E6%89%8B%E5%B7%A5%E6%B2%BE%E8%B4%B4%E7%94%BB%E5%9B%BE%E7%89%87/,malware
microencapsulation.readmyweather.com,malware
http://www.vilagnomad.com/tables/payday-loans-direct-lenders-only.php,malware
xo3fhvm5lcvzy92q.download,malware
http://www.wu8188.com/cl/tpl/five-star/ver1/css/five-star.css?v=ver15.32,malware
http://9779.info/%E5%B9%BC%E5%84%BF%E5%9B%AD%E7%9A%B1%E7%BA%B9%E7%BA%B8%E7%B2%98%E8%B4%B4%E7%94%BB/,malware
http://ak.imgfarm.com/images/nocache/vicinio/installers/205320000.S10570.1/507981-150710122501-S10570.1/VideoDownloadConvertAuto.exe_0,malware
http://www.0068555.com/cl/?module=System&method=LiveTop&args=livehall,malware
http://www.easycaptchas.com/2F3F28039730C12A5C112FE0D5FEFA2E.captcha?width=132&height=42,malware
ru-net.cv.ua/wp-content/config/file.php,malware
proplast.co.nz,malware
http://9779.info/%E4%BA%94%E8%B0%B7%E6%9D%82%E7%B2%AE%E4%BA%BA%E7%89%A9%E7%B2%98%E8%B4%B4%E7%94%BB/,malware
http://haishundl.com/a/qinpengqipaiguanfangxiazai/20131019/263.html,malware
http://9779.info/%E5%8D%8A%E7%AB%8B%E4%BD%93%E5%B9%BC%E5%84%BF%E5%89%AA%E8%B4%B4%E7%94%BB/,malware
http://9779.info/%E9%A3%9E%E6%9C%BA%E6%A0%91%E5%8F%B6%E7%B2%98%E8%B4%B4%E7%94%BB/,malware
http://9779.info/%E5%85%AD%E4%B8%80%E5%BF%AB%E4%B9%90%E7%B2%98%E8%B4%B4%E7%94%BB/,malware
http://zoetekroon.nl/wp-content/themes/simplo/js/jquery-1.4.2.min.js,malware
http://3cf.ru/2015/07/20/cb-otozval-licenziu-y-gelendjik-banka/,malware
http://9779.info/%E5%B0%91%E5%84%BF%E7%A7%8D%E5%AD%90%E7%B2%98%E8%B4%B4%E7%94%BB/,malware
http://img010.hc360.cn/g1/M01/41/73/wKhQMVHabJKEHondAAAAAFmPcEE181.jpg,malware
http://9779.info/%E8%9D%8C%E8%9A%AA%E6%89%BE%E5%A6%88%E5%A6%88%E5%89%AA%E8%B4%B4%E7%94%BB/,malware
http://www.newstudy.net/community/Web_nMngr.aspx?acaidx=0&board_idx=360&pn=1&sflag=1&mflag=NOT&where=&keyword=,malware
http://www.711100.com/app/member/SportOption.php?uid=guest&langx=gb,malware
http://schertzauto.com/wp-content/plugins/gravityforms/css/formsmain.min.css?ver=1.9.11,malware
http://portal.dddgaming.com/docs/rules/15022/cn/game_cn.html?amluMjAxNQ%3D%3D,malware
http://schertzauto.com/wp-content/themes/NAPA%20AC%202014%20S/genericons/genericons.css?ver=3.0.2,malware
http://www.bhxx.net/xxgl/UploadFiles_7485/201304/2013042315380148.jpg,malware
http://grasslandhotel.com.vn/index.php/rooms/item/all/18-airticketservices,malware
socialsocietyedu.com/components/com_wa/config.bin,malware
http://3cf.ru/2015/07/20/stroitelstvo-energomosta-v-krym-oboidetsia-v-47-mlrd-ryb/,malware
http://9779.info/%E5%84%BF%E7%AB%A5%E5%BD%A9%E7%BA%BF%E8%B4%B4%E7%94%BB/,malware
http://chinacxyy.com/newscodejs.asp?lm2=201&list=9&icon=0&tj=0&font=10.5&hot=0&new=0&line=24&lmname=0&open=1&n=34&more=0&t=0&week=0&zzly=0&hit=0&pls=0&dot=0&tcolor=CCCCCC,malware
http://9779.info/%E5%B9%BC%E5%84%BF%E5%9B%AD%E6%89%8B%E5%B7%A5%E7%B2%98%E8%B4%B4%E7%94%BB%E6%95%99%E6%A1%88/,malware
http://www.xj9599.com/app/member/cps.php?uid=f554ab9b50d41d8cd98fra3&pages=cp,malware
http://www.824555.com/app/member/SportOption.php?uid=guest&langx=gb,malware
http://www.pubyun.com/wiki/lib/exe/css.php?t=dokuwiki&tseed=f1f16e8c6142fab8553f2b9cfe045961,malware
sunusa.in,malware
http://www.jin0044.com/app/member/main.php?uid=guest&langx=zh-cn&page_site=ball,malware
http://9779.info/%E5%B8%83%E8%B4%B4%E7%94%BB%E5%9B%BE%E7%89%87%E5%A4%A7%E5%85%A8%E7%AE%80%E5%8D%95/,malware
http://chinacxyy.com/newscodejs.asp?lm2=201&list=9&icon=0&tj=0&font=10.5&hot=0&new=0&line=24&lmname=0&open=1&n=34&more=0&t=0&week=0&zzly=0&hit=0&pls=0&dot=0&tcolor=CCCCCC,malware
http://13801993263.com/wp-content/themes/glossy-stylo/style.css?ver=4.2.2,malware
http://9779.info/%E5%84%BF%E7%AB%A5%E5%9B%BE%E5%BD%A2%E7%B2%98%E8%B4%B4%E7%94%BB/,malware
http://chinesevie.com/index.php?option=com_contact&view=contact&id=1&Itemid=57&lang=en,malware
http://troikacapital.ru/novye_formy_registratsii_uridicheskih_lits_i_ip,malware
http://i3.17173cdn.com/2fhnvk/YWxqaGBf/outcms/DijOlXbjzmshgAC.jpg,malware
christinelebeck.com,malware
http://www.vilagnomad.com/tables/signature-loans-no-credit-check.php,malware
http://9779.info/%E6%BC%82%E4%BA%AE%E7%9A%84%E6%92%95%E8%B4%B4%E7%94%BB/,malware
http://9779.info/%E7%A2%8E%E5%B8%83%E5%A4%B4%E5%88%B6%E4%BD%9C%E8%B4%B4%E7%94%BB%E5%9B%BE%E8%A7%A3/,malware
tavaresmovelaria.com,malware
http://netdna.bootstrapcdn.com/font-awesome/4.2.0/css/font-awesome.min.css,malware
http://youkuedu.com/index.php/campus-display/13-2013-12-19-11-19-32,malware
http://9779.info/%E5%88%9D%E4%B8%AD%E7%94%BB%E7%9A%84%E5%AE%89%E5%85%A8%E6%89%8B%E6%8A%84%E6%8A%A5/,malware
http://9779.info/%E7%BA%A2%E7%BB%BF%E8%93%9D%E7%9A%B1%E7%BA%B9%E7%BA%B8%E7%B2%98%E8%B4%B4%E7%94%BB/,malware
http://www.js182.com/app/member/SportOption.php?uid=guest&langx=gb,malware
http://znsv.baidu.com/customer_search/api/js?sid=14553675342420242144,malware
http://www.pubyun.com/wiki/lib/exe/js.php?tseed=f1f16e8c6142fab8553f2b9cfe045961,malware
http://9779.info/%E5%85%B3%E4%BA%8E%E6%85%88%E7%88%B1%E7%B2%98%E8%B4%B4%E7%94%BB/,malware
http://grasslandhotel.com.vn/index.php/tours/danangtours/items/fbtrack.js,malware
http://9779.info/%E5%85%AD%E4%B8%80%E5%84%BF%E7%AB%A5%E6%8B%BC%E8%B4%B4%E7%94%BB/,malware
http://3cf.ru/2015/07/21/hokkei-vladislav-tretiak-vydvinem-rotenberga-na-post-predsedatelia-pravleniia-fhr/,malware
http://9779.info/%E5%89%AA%E8%B4%B4%E7%94%BB%E5%9B%BE%E7%89%87%E5%A4%A7%E5%85%A8/,malware
http://grasslandhotel.com.vn/index.php/tours/culaochamtours/items/fbtrack.js,malware
http://9779.info/%E7%9A%B1%E7%BA%B9%E7%BB%B3%E7%B2%98%E8%B4%B4%E7%94%BB/,malware
http://9779.info/%E8%A5%BF%E7%93%9C%E5%AD%90%E7%9A%AE%E6%8B%BC%E8%B4%B4%E7%94%BB/,malware
http://hotlinegsm.com/products/mobile-and-tablet/apple-iphone-4-detail,malware
http://www.xj9599.com/app/member/indexs.php?path=pages&pages=help&uid=f554ab9b50d41d8cd98fra3,malware
http://www3.upweb.net/peradmin/htmlfile/xc0602/200712130927571105679.JPG,malware
http://hotlinegsm.com/products/mobile-and-tablet/nokia-asha-302-detail,malware
http://www.xpj5988.com/pages/novice/register.htm;jsessionid=A77C20A90C6790855CB2882AD06183ED,malware
dr-menschick.at,malware
http://9779.info/%E8%B1%86%E5%AD%90%E7%B2%98%E8%B4%B4%E7%94%BB%E7%94%A8%E4%BB%80%E4%B9%88%E7%B2%98/,malware
http://9779.info/%E4%BA%B2%E5%AD%90%E6%AF%9B%E7%BA%BF%E8%B4%B4%E7%94%BB/,malware
http://9779.info/%E5%B9%BF%E5%91%8A%E6%8B%9B%E8%B4%B4%E7%94%BB%E7%8E%AF%E4%BF%9D%E5%9B%BE%E7%89%87/,malware
http://golfsource.us/index.php?option=com_content&view=article&id=7&Itemid=1,malware
http://host66.hostmonster.com/suspended.page/disabled.cgi/cf-host.com,malware
https://c...content-available-to-author-only...e.org/search?q=,malware
chronic.com.hk,malware
http://haishundl.com/a/qinpengqipaiguanfangxiazai/20131014/226.html,malware
http://9779.info/%E5%89%AA%E8%B4%B4%E7%94%BB%E5%A9%9A%E7%BA%B1/,malware
http://www.js182.com/app/member/SportOption.php?uid=guest&langx=gb,malware
safety.apple.com.nlmalhmcvw.dwkummyh8ndpdenj.trade,malware
http://shicaifanxin.cn/index.php?s=video/search/wd/%E5%BE%97%E5%BE%97%E7%88%B1,malware
http://9779.info/%E6%A0%91%E5%8F%B6%E8%B4%B4%E7%94%BB%E4%BD%9C%E5%93%81/,malware
http://www.thereefrestaurant.com/wp-content/plugins/wp-lightbox-2/styles/lightbox.min.css?ver=1.3.4,malware
br-icloud.com.br,phishing
signin.eby.de.zukruygxctzmmqi.civpro.co.za,phishing
http://www.marketingbyinternet.com/mo/e56508df639f6ce7d55c81ee3fcd5ba8/,phishing
https://docs.google.com/spreadsheet/viewform?formkey=dGg2Z1lCUHlSdjllTVNRUW50TFIzSkE6MQ,phishing
retajconsultancy.com,phishing
http://www.martin-busker.de/administrator/help/en-GB/css/Facture/c4d12146ebce8e1684d3542308399779/8fa39dab95edb1b676b638a672278eae/particuliers-45636.php,phishing
alexpay2.beget.tech,phishing
facebook.unitedcolleges.net,phishing
http://www.bimabn.com/1-configurazione-supporto-apple.store-contatta/c/Apple-id/3d465e25b47e6bc23ae55f5de40e1bb1/,phishing
halkbankparaf-para.com,phishing
http://www.designeremdoces.com/components/com_contact/ggdrives/,phishing
roverslands.net,phishing
corporacionrossenditotours.com,phishing
http://drive-google-com.fanalav.com/6a7ec96d6a4b8b887e9f9ace81b40a99/,phishing
detkreimeier-fotografie.de,phishing
info-pages.000webhostapp.com,phishing
myptccash.com,phishing
citiprepaid-salarysea-at.tk,phishing
http://www.smc-images.co.uk/images/index_hvoda_2311_10.html,phishing
appieid-enable.com,phishing
autopostoajax.com.br,phishing
muhanovabeauty.ru,phishing
rcarpe95.beget.tech,phishing
http://fb.com.accounts.login.userid.343441.fbsbk.com/,phishing
titaniumcorporate.co.za,phishing
sydsarthaus.com,phishing
http://icomtec.com.my/westpac.au/login.westpac.au/update.billing/information/westpac.au/index.html,phishing
afugowe.com,phishing
ammmmazonm.temp.swtest.ru,phishing
http://www.naylorantiques.com/d0y_qx_6_l_6hqo_ewkbketxbu1u7oy10gmkyfrgwnm8llrdhlxcps_ale1_d9b6mij__8tja_b1t__hke2i6dv4xmv0f1fr24/i5_mlqfp_znd5_khgrrgbwjyv__q6gz1yve5hq7agfj3o_pt8awujg9vuy1__d7hqr8yt42n__luu_hep_1et_dlku4_0f1_5_o/QDCHOZ0LZW.php,phishing
http://pastehtml.com/view/b2i243gkw.html,phishing
info-online-account.net,phishing
http://www.ksra.ca/form/use/verify/form1.html,phishing
nihahaw5.beget.tech,phishing
waterviewdistillery.com,phishing
prodenk-sanierung.de,phishing
smarticullties.com,phishing
checkstorenow.ml,phishing
diego-fc.com,phishing
idservicetelsmsmmssfr.000webhostapp.com,phishing
bursakombiservisi.web.tr,phishing
http://www.lappiramis.hu/wordpress/wp-content/themes/twentyeleven/inc/images/index.htm,phishing
starpacintl.com,phishing
http://www.hippapi.org/test/itunes.login/WebObjects/iTunesConnect.html,phishing
inobediencetohim.com.au,phishing
http://habbomoedasgeraa.blogspot.com/,phishing
sixgoody.com,phishing
account-security-centre20181712.000webhostapp.com,phishing
http://appleid.apple.co.uk.cgi-bin.webobjects.myappleid.woa.verify9.eu-id3.net/identify-customer=7gqIFbqj8arzSIQO5462DGWSCYDxgFcMXV0VVmRocB9YDXSVIl1eZXQ59t7hONf6Cy0nMNK3AXoC9tBGK0a7HH4hMrD16GBsW593/,phishing
scr-paypal.co.uk,phishing
toctok.com.mx,phishing
http://www.naylorantiques.com/MRR%20Uhzs/twGEShRCGGSDAMSWUtjTUgyUIvxFqOEJwHa/,phishing
http://pastehtml.com/view/bfzi0ah2a.html,phishing
http://mikteks.biz/S7XIde/webscr_prim.php?bWlrdGVrcy5iaXo=uhsdsusu5485757kUJHNN546221oPLKj988777AOP784MTM1MDkxODc4OA==,phishing
facebook.jolims.tk,phishing
contatocliente-sac.com.br,phishing
http://www.itfindia.org/confirmation-account/c85652703f710065c1255aa03a9aefae/53ca17bd02579e9464e40735557fdfeb/login.php,phishing
holographiccocoon.com,phishing
emergencybriefing.info,phishing
wisdomhomeloans.com.au,phishing
peregrine.igg.biz,phishing
insidelocation.ga,phishing
newyors.com,phishing
http://us.diablo.net.login.xml.sc-ueo.in/login.html,phishing
gojukarate.biz,phishing
prosdyuqnsdwxm.intend-incredible.ru,phishing
oregoncraftsmanllc.com,phishing
http://skat-vviztmhc.pepespizza.com/skat.dk/personlige-oplysninger.html,phishing
http://creditmaster.eu/7416077659/241250503/,phishing
http://distrimarsanitarios.soydg.com/wp-content/themes/jay/178bccdcc72168f6eaeec8c4b3b336fe/,phishing
servericer.wellsfarg0t.com.aquisites.net,phishing
sitedefesta.com,phishing
yikesprospho.com.gridhosted.co.uk,phishing
http://pastehtml.com/view/bfza8l1z0.html,phishing
jmdphysiotronic.in,phishing
copcusco.ml,phishing
http://appleid.apple.co.uk.cgi-bin.webobjects.myappleid.woa.verify2.srv-woa1.com/identify-customer=FNMS8Sl674LLjwtXQ13gHYMQsnz8FgTNjLW7WNBqQUeybUMKAbBRveUn5BVgC4PKWtx8GcSegWNIDajcukqmCoArLNaOaMpkt5YF/,phishing
http://www.jjscdc.cn/adfile/login.html?us.battle.net/login/en/?ref=us.battle.net/d3/en/index,phishing
jetztgezahlt.xyz,phishing
desayembrqvxvvegpzvs.littlematchagirl.com.au,phishing
acacacukserver.000webhostapp.com,phishing
smolmaw5.beget.tech,phishing
nsbaoan.com,phishing
http://netvanduc.vn/components/com_contact/views/contact/frm.htm,phishing
shortletnigeria.ng,phishing
morinyog.usa.cc,phishing
demaingroup.com,phishing
apnavarsa.com,phishing
eec-courier.com,phishing
grandhyattbahamar.org,phishing
matisslima.com,phishing
http://www.svssonline.com/ragamfashion.com/_DEMO_File/colorpicker/css/.press/dropbox/dropbox/dropbox/dropbox/dropbox/,phishing
mysqatendimentov3.uni5.net,phishing
debbiewoodsyoga.com,phishing
malerei-roli.at,phishing
http://us.battle.net.d3.loginwowow.com/login/en/,phishing
newdamianamiaiua.it,phishing
fcnmbnig.com,phishing
http://appleid.apple.co.uk.cgi-bin.webobjects.myappleid.woa.verify0.srv-woa1.co.uk/identify-customer=UPCreyG36Qn8Z7WQ2ofJ6M1HK9ol1muCOea3VBR3aNABrv1ucJrQE0gESUul0OghVNpvy64Cm75VlRGEKfx8rPqf2DyByqVk6KXO/,phishing
totallykidz.in,phishing